face_id,gender_race
wlcxfikkvv,0
hpizdgvpfv,6
iieznhvpqf,7
xzyvxfndiv,6
qbkqlybrxs,6
qcypchuods,8
tuklcqcwpt,6
nbdwhygdyl,6
inegnovpei,8
nnbdcrbabg,6
nlbsaldzuz,0
cmhnimigzt,0
nurhuhttlq,0
mnyvmtxeab,3
uvfubpztju,0
rnyvsorded,6
evurtsakbh,3
fvqvqypyqk,2
khikijkasy,6
fmzagpmsxk,0
ejebqenvuc,0
uuwbwqqazm,6
lsfsjaztcz,0
jpujpqsjwd,6
gbdlwkrxvj,6
bweltnqzox,3
oynapbstlt,2
cauydjpego,0
kmdzglqkef,6
leugfomflb,6
swspjfcvzd,6
kltbpqmfrl,6
kjfhtmcemi,0
uauqltierv,6
hhdcdqedgu,6
jgrwapvtwx,0
ilqmzprqxk,0
zocprmvrio,1
yfkmfchpzy,0
xzzppkjqjv,3
koobekbxdh,0
edfzdqktur,0
filsodsknx,0
dorezeckzr,6
firzjjhglz,0
kxhinvpbhx,2
etjiaosoiq,0
boebocphbm,6
rufanduofp,6
xduqgqwmol,6
puvrhiclyd,8
myinxekwyw,10
tppughkpzt,6
xjhifcxqcv,6
kpltclniyt,0
jpkmhdavog,0
sfibkguoik,6
ksojzlmdzz,6
kynvfmddsq,6
alnwdtlril,9
khatvmfipd,0
pzvfirspqj,0
bbsnhgwgge,6
bwlqsnqfju,6
wzpigziqjh,6
ghrvvrtovy,6
qlvrihnahc,5
qmsdlwqvbb,5
cbhpmqhwsl,11
tjnkgtdshr,11
ioksztgbfa,6
aqylaeksud,3
cguldkmuvl,0
ncpwihsrya,6
gcqugtllwo,0
lbxgzsyprl,6
xftxlpakwz,0
fsvxeuaxsl,5
tbnwkxmhfp,0
ajkwfcxrgz,2
qruyjrgfng,6
ctqdmqucpk,6
levuzfegkj,0
zttaiamwak,0
rsoxbufpnh,6
dyqxugnocx,6
tcjufetlmn,2
adnbqepruw,1
trqxsvqmii,7
ckdsvfgyuy,0
likrvmyscf,0
pkkpmcxgkh,2
rvkiipcdwa,2
bmlgzwqous,11
nmwtjlltzq,5
dwibcqlelz,5
cgppficidb,5
yflcsadhkg,7
bjdmxamugv,9
wanpundkxx,6
bbbqwujlnv,8
bqqvrvvxwd,8
pjffqwpapd,8
bvrsvwmejm,8
cskxsxiwkj,6
ujadqapfbg,9
mqpcidljrk,6
ncgizfmcgd,6
tgubecumqo,3
rnsfsdulds,0
xrrgkxeuio,6
auuwuarfkn,6
cjldlummqb,8
xfrvojefut,9
pzyidcmlol,3
gpoeclcekq,1
uazzufmdmk,4
nceugylcds,9
hcxwaqfnht,2
xgqdogrlom,0
cgrycxmryf,6
yqzjjjwgpj,0
vhmbkwxsqe,6
lxeyphepay,9
ebrsojiqgl,9
qveqcssyhb,0
kwnzuhoxbl,9
lcthikdpbk,9
lbxitaqzei,0
ivtmyqufhg,6
abaclrjvbd,0
lvoxvsvavj,6
nltdsuvcis,6
cfozgzbfzv,9
lmotsoscrl,3
tjtmtfwcvn,9
cqaawdlxdl,6
horcvzecus,6
yotmpxwbve,6
ulocbhindr,6
numlqaiurg,6
qjnujgqwrz,6
zmiewrlxne,6
whvpszuhdb,6
hlpppcrvzi,6
keezruzqfa,0
isevwjzsyv,5
gaqxzwztvt,11
lxbfyeyiyc,11
gsmxrwhcep,5
rwpcdmshih,5
owmojatalt,5
jmqrykbazk,5
edsyxjbnts,5
ysnieewags,11
xfzthaxwxt,5
xhevzaelwk,5
ccglazeqlf,11
glbuphfsap,11
kcumvbqpqz,5
dlxbwzrwhv,5
kaetbwnnem,0
wvuoqwicep,11
vrvbjmblyh,5
tjybhqjpjw,11
wsynicatlz,11
nssowwizeq,11
wpmpuulenc,5
mzizydsvsh,11
sdrmrmlchx,5
isecffmbbn,5
eeojeqtuxk,5
fnffyyhfwd,5
rpqivbqzzl,11
xholqallxd,5
egqsfttdmu,5
hyymwbpbvf,5
uifahglfio,11
oflfquvquu,11
ktymuciibk,6
ryogfoottm,6
okulzooxbt,6
cvcmvebzrg,11
udmegdtmvl,11
ygmakhfsdc,5
kdrdicbyhk,5
wunzfiecku,5
hdmggdupad,11
bttujdandk,11
ghqcqhvogx,6
yvdkngbrdg,3
fsttysrbuz,9
ewvzbplexu,0
ceyryarozt,0
