face_id,gender
wlcxfikkvv,0
hpizdgvpfv,1
iieznhvpqf,1
xzyvxfndiv,1
qbkqlybrxs,1
qcypchuods,1
tuklcqcwpt,1
nbdwhygdyl,1
inegnovpei,1
nnbdcrbabg,1
nlbsaldzuz,0
cmhnimigzt,0
nurhuhttlq,0
mnyvmtxeab,0
uvfubpztju,0
rnyvsorded,1
evurtsakbh,0
fvqvqypyqk,0
khikijkasy,1
fmzagpmsxk,0
ejebqenvuc,0
uuwbwqqazm,1
lsfsjaztcz,0
jpujpqsjwd,1
gbdlwkrxvj,1
bweltnqzox,0
oynapbstlt,0
cauydjpego,0
kmdzglqkef,1
leugfomflb,1
swspjfcvzd,1
kltbpqmfrl,1
kjfhtmcemi,0
uauqltierv,1
hhdcdqedgu,1
jgrwapvtwx,0
ilqmzprqxk,0
zocprmvrio,0
yfkmfchpzy,0
xzzppkjqjv,0
koobekbxdh,0
edfzdqktur,0
filsodsknx,0
dorezeckzr,1
firzjjhglz,0
kxhinvpbhx,0
etjiaosoiq,0
boebocphbm,1
rufanduofp,1
xduqgqwmol,1
puvrhiclyd,1
myinxekwyw,1
tppughkpzt,1
xjhifcxqcv,1
kpltclniyt,0
jpkmhdavog,0
sfibkguoik,1
ksojzlmdzz,1
kynvfmddsq,1
alnwdtlril,1
khatvmfipd,0
pzvfirspqj,0
bbsnhgwgge,1
bwlqsnqfju,1
wzpigziqjh,1
ghrvvrtovy,1
qlvrihnahc,0
qmsdlwqvbb,0
cbhpmqhwsl,1
tjnkgtdshr,1
ioksztgbfa,1
aqylaeksud,0
cguldkmuvl,0
ncpwihsrya,1
gcqugtllwo,0
lbxgzsyprl,1
xftxlpakwz,0
fsvxeuaxsl,0
tbnwkxmhfp,0
ajkwfcxrgz,0
qruyjrgfng,1
ctqdmqucpk,1
levuzfegkj,0
zttaiamwak,0
rsoxbufpnh,1
dyqxugnocx,1
tcjufetlmn,0
adnbqepruw,0
trqxsvqmii,1
ckdsvfgyuy,0
likrvmyscf,0
pkkpmcxgkh,0
rvkiipcdwa,0
bmlgzwqous,1
nmwtjlltzq,0
dwibcqlelz,0
cgppficidb,0
yflcsadhkg,1
bjdmxamugv,1
wanpundkxx,1
bbbqwujlnv,1
bqqvrvvxwd,1
pjffqwpapd,1
bvrsvwmejm,1
cskxsxiwkj,1
ujadqapfbg,1
mqpcidljrk,1
ncgizfmcgd,1
tgubecumqo,0
rnsfsdulds,0
xrrgkxeuio,1
auuwuarfkn,1
cjldlummqb,1
xfrvojefut,1
pzyidcmlol,0
gpoeclcekq,0
uazzufmdmk,0
nceugylcds,1
hcxwaqfnht,0
xgqdogrlom,0
cgrycxmryf,1
yqzjjjwgpj,0
vhmbkwxsqe,1
lxeyphepay,1
ebrsojiqgl,1
qveqcssyhb,0
kwnzuhoxbl,1
lcthikdpbk,1
lbxitaqzei,0
ivtmyqufhg,1
abaclrjvbd,0
lvoxvsvavj,1
nltdsuvcis,1
cfozgzbfzv,1
lmotsoscrl,0
tjtmtfwcvn,1
cqaawdlxdl,1
horcvzecus,1
yotmpxwbve,1
ulocbhindr,1
numlqaiurg,1
qjnujgqwrz,1
zmiewrlxne,1
whvpszuhdb,1
hlpppcrvzi,1
keezruzqfa,0
isevwjzsyv,0
gaqxzwztvt,1
lxbfyeyiyc,1
gsmxrwhcep,0
rwpcdmshih,0
owmojatalt,0
jmqrykbazk,0
edsyxjbnts,0
ysnieewags,1
xfzthaxwxt,0
xhevzaelwk,0
ccglazeqlf,1
glbuphfsap,1
kcumvbqpqz,0
dlxbwzrwhv,0
kaetbwnnem,0
wvuoqwicep,1
vrvbjmblyh,0
tjybhqjpjw,1
wsynicatlz,1
nssowwizeq,1
wpmpuulenc,0
mzizydsvsh,1
sdrmrmlchx,0
isecffmbbn,0
eeojeqtuxk,0
fnffyyhfwd,0
rpqivbqzzl,1
xholqallxd,0
egqsfttdmu,0
hyymwbpbvf,0
uifahglfio,1
oflfquvquu,1
ktymuciibk,1
ryogfoottm,1
okulzooxbt,1
cvcmvebzrg,1
udmegdtmvl,1
ygmakhfsdc,0
kdrdicbyhk,0
wunzfiecku,0
hdmggdupad,1
bttujdandk,1
ghqcqhvogx,1
yvdkngbrdg,0
fsttysrbuz,1
ewvzbplexu,0
ceyryarozt,0
